{"cameraMode":{"drawMode":0,"name":"Shaded","section":"Shading Mode"},"sceneLighting":false,"audioPlay":false,"sceneViewState":{"m_AlwaysRefresh":false,"showFog":true,"showSkybox":false,"showFlares":true,"showImageEffects":true,"showParticleSystems":true,"showVisualEffectGraphs":true,"m_FxEnabled":true},"in2DMode":false,"pivot":{"x":0.00000667572021484375,"y":-1495.544921875,"z":11.367237091064454},"rotation":{"x":-0.03979959338903427,"y":0.7639700174331665,"z":-0.04725351557135582,"w":-0.6425508856773377},"size":1505.0989990234375,"orthographic":false}